Name,District,Party,Hometown,SwearIn,Ref
Eric Burlison,Missouri (MO) - 7th,Republican,Ozark,"Jan. 07, 2023",/members/B001316
Emanuel Cleaver,Missouri (MO) - 5th,Democrat,Kansas City,"Jan. 07, 2023",/members/C001061
Ryan K. Zinke,Montana (MT) - 1st,Republican,Whitefish,"Jan. 07, 2023",/members/Z000018
Elijah Crane,Arizona (AZ) - 2nd,Republican,Oro Valley,"Jan. 07, 2023",/members/C001132
John Joyce,Pennsylvania (PA) - 13th,Republican,Hollidaysburg,"Jan. 07, 2023",/members/J000302
Andrew Ogles,Tennessee (TN) - 5th,Republican,Columbia,"Jan. 07, 2023",/members/O000175
Mark Takano,California (CA) - 39th,Democrat,Riverside,"Jan. 07, 2023",/members/T000472
Danny K. Davis,Illinois (IL) - 7th,Democrat,Chicago,"Jan. 07, 2023",/members/D000096
Mike Garcia,California (CA) - 27th,Republican,Santa Clarita,"Jan. 07, 2023",/members/G000061
Frank D. Lucas,Oklahoma (OK) - 3rd,Republican,Cheyenne,"Jan. 07, 2023",/members/L000491
Judy Chu,California (CA) - 28th,Democrat,Monterey Park,"Jan. 07, 2023",/members/C001080
Yvette D. Clarke,New York (NY) - 9th,Democrat,Brooklyn,"Jan. 07, 2023",/members/C001067
Ritchie Torres,New York (NY) - 15th,Democrat,Bronx,"Jan. 07, 2023",/members/T000486
Claudia Tenney,New York (NY) - 24th,Republican,Canandaigua,"Jan. 07, 2023",/members/T000478
Ken Buck,Colorado (CO) - 4th,Republican,Windsor,"Jan. 07, 2023",/members/B001297
Kay Granger,Texas (TX) - 12th,Republican,Fort Worth,"Jan. 07, 2023",/members/G000377
Tony Gonzales,Texas (TX) - 23rd,Republican,San Antonio,"Jan. 07, 2023",/members/G000594
Glenn Thompson,Pennsylvania (PA) - 15th,Republican,Howard,"Jan. 07, 2023",/members/T000467
Lloyd Smucker,Pennsylvania (PA) - 11th,Republican,Lancaster,"Jan. 07, 2023",/members/S001199
Dwight Evans,Pennsylvania (PA) - 3rd,Democrat,Philadelphia,"Jan. 07, 2023",/members/E000296
Bradley Scott Schneider,Illinois (IL) - 10th,Democrat,Highland Park,"Jan. 07, 2023",/members/S001190
Yadira Caraveo,Colorado (CO) - 8th,Democrat,Thornton,"Jan. 07, 2023",/members/C001134
Jim Jordan,Ohio (OH) - 4th,Republican,Urbana,"Jan. 07, 2023",/members/J000289
Steve Womack,Arkansas (AR) - 3rd,Republican,Rogers,"Jan. 07, 2023",/members/W000809
Jim Banks,Indiana (IN) - 3rd,Republican,Columbia City,"Jan. 07, 2023",/members/B001299
Mike Levin,California (CA) - 49th,Democrat,San Juan Capistrano,"Jan. 07, 2023",/members/L000593
Mike Gallagher,Wisconsin (WI) - 8th,Republican,Green Bay,"Jan. 07, 2023",/members/G000579
Burgess Owens,Utah (UT) - 4th,Republican,Salt Lake City,"Jan. 07, 2023",/members/O000086
Lance Gooden,Texas (TX) - 5th,Republican,Terrell,"Jan. 07, 2023",/members/G000589
Nicole Malliotakis,New York (NY) - 11th,Republican,Staten Island,"Jan. 07, 2023",/members/M000317
"Donald S. Beyer, Jr.",Virginia (VA) - 8th,Democrat,Alexandria,"Jan. 07, 2023",/members/B001292
Roger Williams,Texas (TX) - 25th,Republican,Weatherford,"Jan. 07, 2023",/members/W000816
Kevin Hern,Oklahoma (OK) - 1st,Republican,Tulsa,"Jan. 07, 2023",/members/H001082
Jake LaTurner,Kansas (KS) - 2nd,Republican,Topeka,"Jan. 07, 2023",/members/L000266
Chris Pappas,New Hampshire (NH) - 1st,Democrat,Manchester,"Jan. 07, 2023",/members/P000614
Nanette Diaz Barragán,California (CA) - 44th,Democrat,Los Angeles,"Jan. 07, 2023",/members/B001300
Valerie P. Foushee,North Carolina (NC) - 4th,Democrat,Hillsborough,"Jan. 07, 2023",/members/F000477
Donald Norcross,New Jersey (NJ) - 1st,Democrat,Camden City,"Jan. 07, 2023",/members/N000188
"Jesús G. ""Chuy"" García",Illinois (IL) - 4th,Democrat,Chicago,"Jan. 07, 2023",/members/G000586
Mike Johnson,Louisiana (LA) - 4th,Republican,Benton,"Jan. 07, 2023",/members/J000299
Paul Tonko,New York (NY) - 20th,Democrat,Amsterdam,"Jan. 07, 2023",/members/T000469
John S. Duarte,California (CA) - 13th,Republican,Modesto,"Jan. 07, 2023",/members/D000633
Adriano Espaillat,New York (NY) - 13th,Democrat,New York,"Jan. 07, 2023",/members/E000297
Mark DeSaulnier,California (CA) - 10th,Democrat,Concord,"Jan. 07, 2023",/members/D000623
Dan Newhouse,Washington (WA) - 4th,Republican,Sunnyside,"Jan. 07, 2023",/members/N000189
Eric Sorensen,Illinois (IL) - 17th,Democrat,Moline,"Jan. 07, 2023",/members/S001225
Jared Huffman,California (CA) - 2nd,Democrat,San Rafael,"Jan. 07, 2023",/members/H001068
Troy Balderson,Ohio (OH) - 12th,Republican,Zanesville,"Jan. 07, 2023",/members/B001306
Jay Obernolte,California (CA) - 23rd,Republican,Big Bear Lake,"Jan. 07, 2023",/members/O000019
Larry Bucshon,Indiana (IN) - 8th,Republican,Evansville,"Jan. 07, 2023",/members/B001275
H. Morgan Griffith,Virginia (VA) - 9th,Republican,Salem,"Jan. 07, 2023",/members/G000568
Marcy Kaptur,Ohio (OH) - 9th,Democrat,Toledo,"Jan. 07, 2023",/members/K000009
Veronica Escobar,Texas (TX) - 16th,Democrat,El Paso,"Jan. 07, 2023",/members/E000299
Andy Harris,Maryland (MD) - 1st,Republican,Cambridge,"Jan. 07, 2023",/members/H001052
Susie Lee,Nevada (NV) - 3rd,Democrat,Las Vegas,"Jan. 07, 2023",/members/L000590
Ken Calvert,California (CA) - 41st,Republican,Corona,"Jan. 07, 2023",/members/C000059
Darrell Issa,California (CA) - 48th,Republican,San Diego,"Jan. 07, 2023",/members/I000056
Angie Craig,Minnesota (MN) - 2nd,Democrat,Prior Lake,"Jan. 07, 2023",/members/C001119
Brian K. Fitzpatrick,Pennsylvania (PA) - 1st,Republican,Levittown,"Jan. 07, 2023",/members/F000466
Mike Quigley,Illinois (IL) - 5th,Democrat,Chicago,"Jan. 07, 2023",/members/Q000023
Bill Posey,Florida (FL) - 8th,Republican,Rockledge,"Jan. 07, 2023",/members/P000599
Jim Costa,California (CA) - 21st,Democrat,Fresno,"Jan. 07, 2023",/members/C001059
"Bill Pascrell, Jr.",New Jersey (NJ) - 9th,Democrat,Paterson,"Jan. 07, 2023",/members/P000096
Jahana Hayes,Connecticut (CT) - 5th,Democrat,Wolcott,"Jan. 07, 2023",/members/H001081
Troy A. Carter,Louisiana (LA) - 2nd,Democrat,New Orleans,"Jan. 07, 2023",/members/C001125
Gus M. Bilirakis,Florida (FL) - 12th,Republican,Palm Harbor,"Jan. 07, 2023",/members/B001257
Laurel M. Lee,Florida (FL) - 15th,Republican,Tampa,"Jan. 07, 2023",/members/L000597
Mike Thompson,California (CA) - 4th,Democrat,St. Helena,"Jan. 07, 2023",/members/T000460
Anna Paulina Luna,Florida (FL) - 13th,Republican,St. Petersburg,"Jan. 07, 2023",/members/L000596
Eric Swalwell,California (CA) - 14th,Democrat,Livermore,"Jan. 07, 2023",/members/S001193
Nicholas A. Langworthy,New York (NY) - 23rd,Republican,Pendleton,"Jan. 07, 2023",/members/L000600
Brittany Pettersen,Colorado (CO) - 7th,Democrat,Lakewood,"Jan. 07, 2023",/members/P000620
William R. Timmons IV,South Carolina (SC) - 4th,Republican,Greenville,"Jan. 07, 2023",/members/T000480
Clay Higgins,Louisiana (LA) - 3rd,Republican,Lafayette,"Jan. 07, 2023",/members/H001077
Aaron Bean,Florida (FL) - 4th,Republican,Fernandina Beach,"Jan. 07, 2023",/members/B001314
Lloyd Doggett,Texas (TX) - 37th,Democrat,Austin,"Jan. 07, 2023",/members/D000399
Jefferson Van Drew,New Jersey (NJ) - 2nd,Republican,Dennis Township,"Jan. 07, 2023",/members/V000133
Sara Jacobs,California (CA) - 51st,Democrat,San Diego,"Jan. 07, 2023",/members/J000305
Greg Landsman,Ohio (OH) - 1st,Democrat,Cincinnati,"Jan. 07, 2023",/members/L000601
"Frank Pallone, Jr.",New Jersey (NJ) - 6th,Democrat,Long Branch,"Jan. 07, 2023",/members/P000034
Michael K. Simpson,Idaho (ID) - 2nd,Republican,Idaho Falls,"Jan. 07, 2023",/members/S001148
Carlos A. Gimenez,Florida (FL) - 28th,Republican,Miami,"Jan. 07, 2023",/members/G000593
Chris Stewart,Utah (UT) - 2nd,Republican,Farmington,"Jan. 07, 2023",/members/S001192
James A. Himes,Connecticut (CT) - 4th,Democrat,Cos Cob,"Jan. 07, 2023",/members/H001047
Kathy Castor,Florida (FL) - 14th,Democrat,Tampa,"Jan. 07, 2023",/members/C001066
Don Bacon,Nebraska (NE) - 2nd,Republican,Papillion,"Jan. 07, 2023",/members/B001298
Bill Huizenga,Michigan (MI) - 4th,Republican,Holland,"Jan. 07, 2023",/members/H001058
Kathy E. Manning,North Carolina (NC) - 6th,Democrat,Greensboro,"Jan. 07, 2023",/members/M001135
Sheila Cherfilus-McCormick,Florida (FL) - 20th,Democrat,Miramar,"Jan. 07, 2023",/members/C001127
Sheila Jackson Lee,Texas (TX) - 18th,Democrat,Houston,"Jan. 07, 2023",/members/J000032
Teresa Leger Fernandez,New Mexico (NM) - 3rd,Democrat,Santa Fe,"Jan. 07, 2023",/members/L000273
Terri A. Sewell,Alabama (AL) - 7th,Democrat,Birmingham,"Jan. 07, 2023",/members/S001185
Lori Trahan,Massachusetts (MA) - 3rd,Democrat,Westford,"Jan. 07, 2023",/members/T000482
Joseph D. Morelle,New York (NY) - 25th,Democrat,Irondequoit,"Jan. 07, 2023",/members/M001206
Daniel S. Goldman,New York (NY) - 10th,Democrat,New York,"Jan. 07, 2023",/members/G000599
Seth Moulton,Massachusetts (MA) - 6th,Democrat,Ann Arbor,"Jan. 07, 2023",/members/M001196
Abigail Davis Spanberger,Virginia (VA) - 7th,Democrat,Glen Allen,"Jan. 07, 2023",/members/S001209
James R. Baird,Indiana (IN) - 4th,Republican,Greencastle,"Jan. 07, 2023",/members/B001307
Kat Cammack,Florida (FL) - 3rd,Republican,Gainesville,"Jan. 07, 2023",/members/C001039
Lucy McBath,Georgia (GA) - 7th,Democrat,Marietta,"Jan. 07, 2023",/members/M001208
Blake D. Moore,Utah (UT) - 1st,Republican,Salt Lake City,"Jan. 07, 2023",/members/M001213
Austin Scott,Georgia (GA) - 8th,Republican,Tifton,"Jan. 07, 2023",/members/S001189
Nancy Mace,South Carolina (SC) - 1st,Republican,Charleston,"Jan. 07, 2023",/members/M000194
Ilhan Omar,Minnesota (MN) - 5th,Democrat,Minneapolis,"Jan. 07, 2023",/members/O000173
Emilia Strong Sykes,Ohio (OH) - 13th,Democrat,Akron,"Jan. 07, 2023",/members/S001223
Brian Babin,Texas (TX) - 36th,Republican,Woodville,"Jan. 07, 2023",/members/B001291
Michael Cloud,Texas (TX) - 27th,Republican,Victoria,"Jan. 07, 2023",/members/C001115
Patrick T. McHenry,North Carolina (NC) - 10th,Republican,Lake Norman,"Jan. 07, 2023",/members/M001156
Adam B. Schiff,California (CA) - 30th,Democrat,Burbank,"Jan. 07, 2023",/members/S001150
Jasmine Crockett,Texas (TX) - 30th,Democrat,Dallas,"Jan. 07, 2023",/members/C001130
Greg Pence,Indiana (IN) - 6th,Republican,Columbus,"Jan. 07, 2023",/members/P000615
"Donald M. Payne, Jr.",New Jersey (NJ) - 10th,Democrat,Newark,"Jan. 07, 2023",/members/P000604
George Santos,New York (NY) - 3rd,Republican,New York City,"Jan. 07, 2023",/members/S001222
Jennifer Wexton,Virginia (VA) - 10th,Democrat,Leesburg,"Jan. 07, 2023",/members/W000825
Brian Higgins,New York (NY) - 26th,Democrat,Buffalo,"Jan. 07, 2023",/members/H001038
Jack Bergman,Michigan (MI) - 1st,Republican,Watersmeet,"Jan. 07, 2023",/members/B001301
John R. Moolenaar,Michigan (MI) - 2nd,Republican,Caledonia,"Jan. 07, 2023",/members/M001194
Juan Ciscomani,Arizona (AZ) - 6th,Republican,Tucson,"Jan. 07, 2023",/members/C001133
Salud O. Carbajal,California (CA) - 24th,Democrat,Santa Barbara,"Jan. 07, 2023",/members/C001112
Andy Kim,New Jersey (NJ) - 3rd,Democrat,Moorestown,"Jan. 07, 2023",/members/K000394
Patrick Ryan,New York (NY) - 18th,Democrat,Gardiner,"Jan. 07, 2023",/members/R000579
Mike Ezell,Mississippi (MS) - 4th,Republican,Pascagoula,"Jan. 07, 2023",/members/E000235
Marilyn Strickland,Washington (WA) - 10th,Democrat,Tacoma,"Jan. 07, 2023",/members/S001159
Trent Kelly,Mississippi (MS) - 1st,Republican,Saltillo,"Jan. 07, 2023",/members/K000388
Scott Perry,Pennsylvania (PA) - 10th,Republican,Dillsburg,"Jan. 07, 2023",/members/P000605
Mike Carey,Ohio (OH) - 15th,Republican,Columbus,"Jan. 07, 2023",/members/C001126
Chuck Edwards,North Carolina (NC) - 11th,Republican,Flat Rock,"Jan. 07, 2023",/members/E000246
Marc A. Veasey,Texas (TX) - 33rd,Democrat,Fort Worth,"Jan. 07, 2023",/members/V000131
Robert Menendez,New Jersey (NJ) - 8th,Democrat,Jersey City,"Jan. 07, 2023",/members/M001226
Derek Kilmer,Washington (WA) - 6th,Democrat,Gig Harbor,"Jan. 07, 2023",/members/K000381
Bonnie Watson Coleman,New Jersey (NJ) - 12th,Democrat,Ewing Township,"Jan. 07, 2023",/members/W000822
Young Kim,California (CA) - 40th,Republican,La Habra,"Jan. 07, 2023",/members/K000397
Keith Self,Texas (TX) - 3rd,Republican,McKinney,"Jan. 07, 2023",/members/S001224
Mario Diaz-Balart,Florida (FL) - 26th,Republican,Miami,"Jan. 07, 2023",/members/D000600
Mary Gay Scanlon,Pennsylvania (PA) - 5th,Democrat,Swarthmore,"Jan. 07, 2023",/members/S001205
Elise M. Stefanik,New York (NY) - 21st,Republican,Schuylerville,"Jan. 07, 2023",/members/S001196
Kim Schrier,Washington (WA) - 8th,Democrat,Sammamish,"Jan. 07, 2023",/members/S001216
W. Gregory Steube,Florida (FL) - 17th,Republican,Sarasota,"Jan. 07, 2023",/members/S001214
Earl Blumenauer,Oregon (OR) - 3rd,Democrat,Portland,"Jan. 07, 2023",/members/B000574
Gerald E. Connolly,Virginia (VA) - 11th,Democrat,Fairfax,"Jan. 07, 2023",/members/C001078
Gregory F. Murphy,North Carolina (NC) - 3rd,Republican,Greenville,"Jan. 07, 2023",/members/M001210
Carol D. Miller,West Virginia (WV) - 1st,Republican,Huntington,"Jan. 07, 2023",/members/M001205
John W. Rose,Tennessee (TN) - 6th,Republican,Cookeville,"Jan. 07, 2023",/members/R000612
Pete Aguilar,California (CA) - 33rd,Democrat,Redlands,"Jan. 07, 2023",/members/A000371
Julia Letlow,Louisiana (LA) - 5th,Republican,Start,"Jan. 07, 2023",/members/L000595
Morgan Luttrell,Texas (TX) - 8th,Republican,Magnolia,"Jan. 07, 2023",/members/L000603
Michael C. Burgess,Texas (TX) - 26th,Republican,Pilot Point,"Jan. 07, 2023",/members/B001248
Sam Graves,Missouri (MO) - 6th,Republican,Tarkio,"Jan. 07, 2023",/members/G000546
Pete Sessions,Texas (TX) - 17th,Republican,Waco,"Jan. 07, 2023",/members/S000250
Maxwell Frost,Florida (FL) - 10th,Democrat,Orlando,"Jan. 07, 2023",/members/F000476
Mike Rogers,Alabama (AL) - 3rd,Republican,Weaver,"Jan. 07, 2023",/members/R000575
David N. Cicilline,Rhode Island (RI) - 1st,Democrat,Providence,"Jan. 07, 2023",/members/C001084
Becca Balint,Vermont (VT) - At Large,Democrat,Brattleboro,"Jan. 07, 2023",/members/B001318
Jonathan L. Jackson,Illinois (IL) - 1st,Democrat,Chicago,"Jan. 07, 2023",/members/J000309
David J. Trone,Maryland (MD) - 6th,Democrat,Potomac,"Jan. 07, 2023",/members/T000483
Robert J. Wittman,Virginia (VA) - 1st,Republican,Montross,"Jan. 07, 2023",/members/W000804
Nikki Budzinski,Illinois (IL) - 13th,Democrat,Springfield,"Jan. 07, 2023",/members/B001315
Hillary J. Scholten,Michigan (MI) - 3rd,Democrat,Grand Rapids,"Jan. 07, 2023",/members/S001221
Frederica S. Wilson,Florida (FL) - 24th,Democrat,Miami Gardens,"Jan. 07, 2023",/members/W000808
Madeleine Dean,Pennsylvania (PA) - 4th,Democrat,Bala Cynwyd,"Jan. 07, 2023",/members/D000631
James Comer,Kentucky (KY) - 1st,Republican,Tompkinsville,"Jan. 07, 2023",/members/C001108
"Eric A. ""Rick"" Crawford",Arkansas (AR) - 1st,Republican,Jonesboro,"Jan. 07, 2023",/members/C001087
C. Scott Franklin,Florida (FL) - 18th,Republican,Lakeland,"Jan. 07, 2023",/members/F000472
Brett Guthrie,Kentucky (KY) - 2nd,Republican,Bowling Green,"Jan. 07, 2023",/members/G000558
Daniel T. Kildee,Michigan (MI) - 8th,Democrat,Flint Township,"Jan. 07, 2023",/members/K000380
Joe Courtney,Connecticut (CT) - 2nd,Democrat,Vernon,"Jan. 07, 2023",/members/C001069
"Earl L. ""Buddy"" Carter",Georgia (GA) - 1st,Republican,Pooler,"Jan. 07, 2023",/members/C001103
Stephen F. Lynch,Massachusetts (MA) - 8th,Democrat,Flint Township,"Jan. 07, 2023",/members/L000562
Richard McCormick,Georgia (GA) - 6th,Republican,Suwanee,"Jan. 07, 2023",/members/M001218
Harold Rogers,Kentucky (KY) - 5th,Republican,Somerset,"Jan. 07, 2023",/members/R000395
Ayanna Pressley,Massachusetts (MA) - 7th,Democrat,Boston,"Jan. 07, 2023",/members/P000617
Warren Davidson,Ohio (OH) - 8th,Republican,Troy,"Jan. 07, 2023",/members/D000626
Jason Crow,Colorado (CO) - 6th,Democrat,Aurora,"Jan. 07, 2023",/members/C001121
Andrew R. Garbarino,New York (NY) - 2nd,Republican,Bayport,"Jan. 07, 2023",/members/G000597
Raul Ruiz,California (CA) - 25th,Democrat,Indio,"Jan. 07, 2023",/members/R000599
Virginia Foxx,North Carolina (NC) - 5th,Republican,Banner Elk,"Jan. 07, 2023",/members/F000450
"Henry C. ""Hank"" Johnson, Jr.",Georgia (GA) - 4th,Democrat,Lithonia,"Jan. 07, 2023",/members/J000288
Ed Case,Hawaii (HI) - 1st,Democrat,Kaneohe,"Jan. 07, 2023",/members/C001055
Jerrold Nadler,New York (NY) - 12th,Democrat,New York,"Jan. 07, 2023",/members/N000002
Doug LaMalfa,California (CA) - 1st,Republican,Oroville,"Jan. 07, 2023",/members/L000578
Michael T. McCaul,Texas (TX) - 10th,Republican,Austin,"Jan. 07, 2023",/members/M001157
Steve Cohen,Tennessee (TN) - 9th,Democrat,Memphis,"Jan. 07, 2023",/members/C001068
Glenn Grothman,Wisconsin (WI) - 6th,Republican,Glenbeulah,"Jan. 07, 2023",/members/G000576
Joe Wilson,South Carolina (SC) - 2nd,Republican,Springdale,"Jan. 07, 2023",/members/W000795
Randy Feenstra,Iowa (IA) - 4th,Republican,Hull,"Jan. 07, 2023",/members/F000446
Tom Emmer,Minnesota (MN) - 6th,Republican,Delano,"Jan. 07, 2023",/members/E000294
Mike Kelly,Pennsylvania (PA) - 16th,Republican,Butler,"Jan. 07, 2023",/members/K000376
Debbie Lesko,Arizona (AZ) - 8th,Republican,Peoria,"Jan. 07, 2023",/members/L000589
David G. Valadao,California (CA) - 22nd,Republican,Hanford,"Jan. 07, 2023",/members/V000129
Darin LaHood,Illinois (IL) - 16th,Republican,Peoria,"Jan. 07, 2023",/members/L000585
Nick LaLota,New York (NY) - 1st,Republican,Suffolk County,"Jan. 07, 2023",/members/L000598
Joaquin Castro,Texas (TX) - 20th,Democrat,San Antonio,"Jan. 07, 2023",/members/C001091
Bob Good,Virginia (VA) - 5th,Republican,Lynchburg,"Jan. 07, 2023",/members/G000595
Katherine M. Clark,Massachusetts (MA) - 5th,Democrat,Revere,"Jan. 07, 2023",/members/C001101
Brad Sherman,California (CA) - 32nd,Democrat,Sherman Oaks,"Jan. 07, 2023",/members/S000344
Daniel Webster,Florida (FL) - 11th,Republican,Clermont,"Jan. 07, 2023",/members/W000806
Vern Buchanan,Florida (FL) - 16th,Republican,Sarasota,"Jan. 07, 2023",/members/B001260
Ted Lieu,California (CA) - 36th,Democrat,Torrance,"Jan. 07, 2023",/members/L000582
Mikie Sherrill,New Jersey (NJ) - 11th,Democrat,Montclair,"Jan. 07, 2023",/members/S001207
Victoria Spartz,Indiana (IN) - 5th,Republican,Noblesville,"Jan. 07, 2023",/members/S000929
Katie Porter,California (CA) - 47th,Democrat,Irvine,"Jan. 07, 2023",/members/P000618
Sylvia R. Garcia,Texas (TX) - 29th,Democrat,Houston,"Jan. 07, 2023",/members/G000587
Brian J. Mast,Florida (FL) - 21st,Republican,Fort Pierce,"Jan. 07, 2023",/members/M001199
Barry Moore,Alabama (AL) - 2nd,Republican,Enterprise,"Jan. 07, 2023",/members/M001212
Mark E. Amodei,Nevada (NV) - 2nd,Republican,Carson City,"Jan. 07, 2023",/members/A000369
Summer L. Lee,Pennsylvania (PA) - 12th,Democrat,Swissvale,"Jan. 07, 2023",/members/L000602
Erin Houchin,Indiana (IN) - 9th,Republican,Salem,"Jan. 07, 2023",/members/H001093
Susan Wild,Pennsylvania (PA) - 7th,Democrat,Allentown,"Jan. 07, 2023",/members/W000826
Barbara Lee,California (CA) - 12th,Democrat,Oakland,"Jan. 07, 2023",/members/L000551
Matt Cartwright,Pennsylvania (PA) - 8th,Democrat,Moosic,"Jan. 07, 2023",/members/C001090
Byron Donalds,Florida (FL) - 19th,Republican,Naples,"Jan. 07, 2023",/members/D000032
Mary Sattler Peltola,Alaska (AK) - At Large,Democrat,Bethel,"Jan. 07, 2023",/members/P000619
Christopher R. Deluzio,Pennsylvania (PA) - 17th,Democrat,Aspinwall,"Jan. 07, 2023",/members/D000530
Mike Bost,Illinois (IL) - 12th,Republican,Murphysboro,"Jan. 07, 2023",/members/B001295
Anna G. Eshoo,California (CA) - 16th,Democrat,Atherton,"Jan. 07, 2023",/members/E000215
Barry Loudermilk,Georgia (GA) - 11th,Republican,Cassville,"Jan. 07, 2023",/members/L000583
Michelle Steel,California (CA) - 45th,Republican,Orange County,"Jan. 07, 2023",/members/S001135
Thomas P. Tiffany,Wisconsin (WI) - 7th,Republican,Minocqua,"Jan. 07, 2023",/members/T000165
Derrick Van Orden,Wisconsin (WI) - 3rd,Republican,Prairie du Chien,"Jan. 07, 2023",/members/V000135
Pat Fallon,Texas (TX) - 4th,Republican,Frisco,"Jan. 07, 2023",/members/F000246
Colin Z. Allred,Texas (TX) - 32nd,Democrat,Dallas,"Jan. 07, 2023",/members/A000376
John B. Larson,Connecticut (CT) - 1st,Democrat,East Hartford,"Jan. 07, 2023",/members/L000557
Betty McCollum,Minnesota (MN) - 4th,Democrat,St. Paul,"Jan. 07, 2023",/members/M001143
Pete Stauber,Minnesota (MN) - 8th,Republican,Hermantown,"Jan. 07, 2023",/members/S001212
Grace F. Napolitano,California (CA) - 31st,Democrat,Norwalk,"Jan. 07, 2023",/members/N000179
Mike Collins,Georgia (GA) - 10th,Republican,Jackson,"Jan. 07, 2023",/members/C001129
Glenn Ivey,Maryland (MD) - 4th,Democrat,Cheverly,"Jan. 07, 2023",/members/I000058
Vicente Gonzalez,Texas (TX) - 34th,Democrat,McAllen,"Jan. 07, 2023",/members/G000581
Frank J. Mrvan,Indiana (IN) - 1st,Democrat,Highland,"Jan. 07, 2023",/members/M001214
Hakeem S. Jeffries,New York (NY) - 8th,Democrat,Brooklyn,"Jan. 07, 2023",/members/J000294
Marjorie Taylor Greene,Georgia (GA) - 14th,Republican,Rome,"Jan. 07, 2023",/members/G000596
Michael Lawler,New York (NY) - 17th,Republican,Pearl River,"Jan. 07, 2023",/members/L000599
Suzanne Bonamici,Oregon (OR) - 1st,Democrat,Washington County,"Jan. 07, 2023",/members/B001278
"Matthew M. Rosendale, Sr.",Montana (MT) - 2nd,Republican,Glendive,"Jan. 07, 2023",/members/R000103
Mark Pocan,Wisconsin (WI) - 2nd,Democrat,Town of Vermont,"Jan. 07, 2023",/members/P000607
Michael Guest,Mississippi (MS) - 3rd,Republican,Brandon,"Jan. 07, 2023",/members/G000591
Christopher H. Smith,New Jersey (NJ) - 4th,Republican,Manchester,"Jan. 07, 2023",/members/S000522
Brendan F. Boyle,Pennsylvania (PA) - 2nd,Democrat,Philadelphia,"Jan. 07, 2023",/members/B001296
Lizzie Fletcher,Texas (TX) - 7th,Democrat,Houston,"Jan. 07, 2023",/members/F000468
Norma J. Torres,California (CA) - 35th,Democrat,Pomona,"Jan. 07, 2023",/members/T000474
Monica De La Cruz,Texas (TX) - 15th,Republican,McAllen,"Jan. 07, 2023",/members/D000594
Rashida Tlaib,Michigan (MI) - 12th,Democrat,Detroit,"Jan. 07, 2023",/members/T000481
Sharice Davids,Kansas (KS) - 3rd,Democrat,Roeland Park,"Jan. 07, 2023",/members/D000629
Kevin Kiley,California (CA) - 3rd,Republican,Rocklin,"Jan. 07, 2023",/members/K000401
Stephanie I. Bice,Oklahoma (OK) - 5th,Republican,Oklahoma City,"Jan. 07, 2023",/members/B000740
Ben Cline,Virginia (VA) - 6th,Republican,Botetourt,"Jan. 07, 2023",/members/C001118
Wiley Nickel,North Carolina (NC) - 13th,Democrat,Cary,"Jan. 07, 2023",/members/N000194
Jodey C. Arrington,Texas (TX) - 19th,Republican,Lubbock,"Jan. 07, 2023",/members/A000375
Alma S. Adams,North Carolina (NC) - 12th,Democrat,Charlotte,"Jan. 07, 2023",/members/A000370
Jared F. Golden,Maine (ME) - 2nd,Democrat,Lewiston,"Jan. 07, 2023",/members/G000592
Gregory W. Meeks,New York (NY) - 5th,Democrat,Queens,"Jan. 07, 2023",/members/M001137
André Carson,Indiana (IN) - 7th,Democrat,Indianapolis,"Jan. 07, 2023",/members/C001072
Steven Horsford,Nevada (NV) - 4th,Democrat,Las Vegas,"Jan. 07, 2023",/members/H001066
Janice D. Schakowsky,Illinois (IL) - 9th,Democrat,Evanston,"Jan. 07, 2023",/members/S001145
Bryan Steil,Wisconsin (WI) - 1st,Republican,Janesville,"Jan. 07, 2023",/members/S001213
J. Luis Correa,California (CA) - 46th,Democrat,Santa Ana,"Jan. 07, 2023",/members/C001110
Dale W. Strong,Alabama (AL) - 5th,Republican,Huntsville,"Jan. 07, 2023",/members/S001220
Al Green,Texas (TX) - 9th,Democrat,Houston,"Jan. 07, 2023",/members/G000553
Harriet M. Hageman,Wyoming (WY) - At Large,Republican,Cheyenne,"Jan. 07, 2023",/members/H001096
Jamie Raskin,Maryland (MD) - 8th,Democrat,Takoma Park,"Jan. 07, 2023",/members/R000606
Maria Elvira Salazar,Florida (FL) - 27th,Republican,Miami,"Jan. 07, 2023",/members/S000168
Steny H. Hoyer,Maryland (MD) - 5th,Democrat,Mechanicsville,"Jan. 07, 2023",/members/H000874
Darren Soto,Florida (FL) - 9th,Democrat,Kissimmee,"Jan. 07, 2023",/members/S001200
Matt Gaetz,Florida (FL) - 1st,Republican,Niceville,"Jan. 07, 2023",/members/G000578
Cori Bush,Missouri (MO) - 1st,Democrat,St. Louis,"Jan. 07, 2023",/members/B001224
Josh Gottheimer,New Jersey (NJ) - 5th,Democrat,Wyckoff,"Jan. 07, 2023",/members/G000583
J. French Hill,Arkansas (AR) - 2nd,Republican,Little Rock,"Jan. 07, 2023",/members/H001072
Mark Alford,Missouri (MO) - 4th,Republican,Lake Winnebago,"Jan. 07, 2023",/members/A000379
Blaine Luetkemeyer,Missouri (MO) - 3rd,Republican,St. Elizabeth,"Jan. 07, 2023",/members/L000569
Andrew S. Clyde,Georgia (GA) - 9th,Republican,Athens,"Jan. 07, 2023",/members/C001116
Jimmy Gomez,California (CA) - 34th,Democrat,Los Angeles,"Jan. 07, 2023",/members/G000585
Gwen Moore,Wisconsin (WI) - 4th,Democrat,Milwaukee,"Jan. 07, 2023",/members/M001160
Dina Titus,Nevada (NV) - 1st,Democrat,Las Vegas,"Jan. 07, 2023",/members/T000468
Josh Harder,California (CA) - 9th,Democrat,Tracy,"Jan. 07, 2023",/members/H001090
Dusty Johnson,South Dakota (SD) - At Large,Republican,Mitchell,"Jan. 07, 2023",/members/J000301
Jimmy Panetta,California (CA) - 19th,Democrat,Carmel Valley,"Jan. 07, 2023",/members/P000613
Diana DeGette,Colorado (CO) - 1st,Democrat,Denver,"Jan. 07, 2023",/members/D000197
Shontel M. Brown,Ohio (OH) - 11th,Democrat,Warrensville Heights,"Jan. 07, 2023",/members/B001313
Deborah K. Ross,North Carolina (NC) - 2nd,Democrat,Raleigh,"Jan. 07, 2023",/members/R000305
Beth Van Duyne,Texas (TX) - 24th,Republican,Irving,"Jan. 07, 2023",/members/V000134
"Robert C. ""Bobby"" Scott",Virginia (VA) - 3rd,Democrat,Newport News,"Jan. 07, 2023",/members/S000185
Tom McClintock,California (CA) - 5th,Republican,Elk Grove,"Jan. 07, 2023",/members/M001177
"Randy K. Weber, Sr.",Texas (TX) - 14th,Republican,Friendswood,"Jan. 07, 2023",/members/W000814
Jason Smith,Missouri (MO) - 8th,Republican,Salem,"Jan. 07, 2023",/members/S001195
Val T. Hoyle,Oregon (OR) - 4th,Democrat,Springfield,"Jan. 07, 2023",/members/H001094
Wesley Hunt,Texas (TX) - 38th,Republican,Houston,"Jan. 07, 2023",/members/H001095
Linda T. Sánchez,California (CA) - 38th,Democrat,Whittier,"Jan. 07, 2023",/members/S001156
Lisa Blunt Rochester,Delaware (DE) - At Large,Democrat,Wilmington,"Jan. 07, 2023",/members/B001303
Ronny Jackson,Texas (TX) - 13th,Republican,Amarillo,"Jan. 07, 2023",/members/J000304
John R. Carter,Texas (TX) - 31st,Republican,Round Rock,"Jan. 07, 2023",/members/C001051
Rick Larsen,Washington (WA) - 2nd,Democrat,Everett,"Jan. 07, 2023",/members/L000560
A. Drew Ferguson IV,Georgia (GA) - 3rd,Republican,The Rock,"Jan. 07, 2023",/members/F000465
Tim Walberg,Michigan (MI) - 5th,Republican,Tipton,"Jan. 07, 2023",/members/W000798
William R. Keating,Massachusetts (MA) - 9th,Democrat,Bourne,"Jan. 07, 2023",/members/K000375
Suzan K. DelBene,Washington (WA) - 1st,Democrat,Medina,"Jan. 07, 2023",/members/D000617
Marie Gluesenkamp Perez,Washington (WA) - 3rd,Democrat,Skamania County,"Jan. 07, 2023",/members/G000600
Alexandria Ocasio-Cortez,New York (NY) - 14th,Democrat,East Elmhurst,"Jan. 07, 2023",/members/O000172
Joe Neguse,Colorado (CO) - 2nd,Democrat,Lafayette,"Jan. 07, 2023",/members/N000191
Robert E. Latta,Ohio (OH) - 5th,Republican,Bowling Green,"Jan. 07, 2023",/members/L000566
Dean Phillips,Minnesota (MN) - 3rd,Democrat,Plymouth,"Jan. 07, 2023",/members/P000616
Russell Fry,South Carolina (SC) - 7th,Republican,Murrells Inlet,"Jan. 07, 2023",/members/F000478
Zoe Lofgren,California (CA) - 18th,Democrat,San José,"Jan. 07, 2023",/members/L000397
Michelle Fischbach,Minnesota (MN) - 7th,Republican,Regal,"Jan. 07, 2023",/members/F000470
Mary E. Miller,Illinois (IL) - 15th,Republican,Oakland,"Jan. 07, 2023",/members/M001211
Guy Reschenthaler,Pennsylvania (PA) - 14th,Republican,Peters Township,"Jan. 07, 2023",/members/R000610
Robin L. Kelly,Illinois (IL) - 2nd,Democrat,Matteson,"Jan. 07, 2023",/members/K000385
Henry Cuellar,Texas (TX) - 28th,Democrat,Laredo,"Jan. 07, 2023",/members/C001063
Bruce Westerman,Arkansas (AR) - 4th,Republican,Hot Springs,"Jan. 07, 2023",/members/W000821
Cory Mills,Florida (FL) - 7th,Republican,New Smyrna Beach,"Jan. 07, 2023",/members/M001216
Ralph Norman,South Carolina (SC) - 5th,Republican,Rock Hill,"Jan. 07, 2023",/members/N000190
Kelly Armstrong,North Dakota (ND) - At Large,Republican,Bismarck,"Jan. 07, 2023",/members/A000377
Mike Flood,Nebraska (NE) - 1st,Republican,Norfolk,"Jan. 07, 2023",/members/F000474
Kevin Mullin,California (CA) - 15th,Democrat,South San Francisco,"Jan. 07, 2023",/members/M001225
Tony Cárdenas,California (CA) - 29th,Democrat,Pacoima,"Jan. 07, 2023",/members/C001097
John R. Curtis,Utah (UT) - 3rd,Republican,Provo,"Jan. 07, 2023",/members/C001114
Cathy McMorris Rodgers,Washington (WA) - 5th,Republican,Spokane,"Jan. 07, 2023",/members/M001159
Melanie A. Stansbury,New Mexico (NM) - 1st,Democrat,Albuquerque,"Jan. 07, 2023",/members/S001218
Scott Fitzgerald,Wisconsin (WI) - 5th,Republican,Clyman,"Jan. 07, 2023",/members/F000471
Lauren Underwood,Illinois (IL) - 14th,Democrat,Naperville,"Jan. 07, 2023",/members/U000040
Debbie Dingell,Michigan (MI) - 6th,Democrat,Ann Arbor,"Jan. 07, 2023",/members/D000624
Michael Waltz,Florida (FL) - 6th,Republican,St. Augustine Beach,"Jan. 07, 2023",/members/W000823
Sydney Kamlager-Dove,California (CA) - 37th,Democrat,Los Angeles,"Jan. 07, 2023",/members/K000400
Anthony D'Esposito,New York (NY) - 4th,Republican,Island Park,"Jan. 07, 2023",/members/D000632
Scott DesJarlais,Tennessee (TN) - 4th,Republican,Sherwood,"Jan. 07, 2023",/members/D000616
Ann M. Kuster,New Hampshire (NH) - 2nd,Democrat,Hopkinton,"Jan. 07, 2023",/members/K000382
Paul A. Gosar,Arizona (AZ) - 9th,Republican,Bullhead City,"Jan. 07, 2023",/members/G000565
Robert Garcia,California (CA) - 42nd,Democrat,Long Beach,"Jan. 07, 2023",/members/G000598
Nancy Pelosi,California (CA) - 11th,Democrat,San Francisco,"Jan. 07, 2023",/members/P000197
Brad R. Wenstrup,Ohio (OH) - 2nd,Republican,Hillsboro,"Jan. 07, 2023",/members/W000815
Jake Auchincloss,Massachusetts (MA) - 4th,Democrat,Newton,"Jan. 07, 2023",/members/A000148
Nydia M. Velázquez,New York (NY) - 7th,Democrat,Brooklyn,"Jan. 07, 2023",/members/V000081
Cliff Bentz,Oregon (OR) - 2nd,Republican,Ontario,"Jan. 07, 2023",/members/B000668
Tom Cole,Oklahoma (OK) - 4th,Republican,Moore,"Jan. 07, 2023",/members/C001053
Tim Burchett,Tennessee (TN) - 2nd,Republican,Knoxville,"Jan. 07, 2023",/members/B001309
"Sanford D. Bishop, Jr.",Georgia (GA) - 2nd,Democrat,Albany,"Jan. 07, 2023",/members/B000490
Haley M. Stevens,Michigan (MI) - 11th,Democrat,Birmingham,"Jan. 07, 2023",/members/S001215
Nathaniel Moran,Texas (TX) - 1st,Republican,Whitehouse,"Jan. 07, 2023",/members/M001224
Delia C. Ramirez,Illinois (IL) - 3rd,Democrat,Chicago,"Jan. 07, 2023",/members/R000617
Lori Chavez-DeRemer,Oregon (OR) - 5th,Republican,Happy Valley,"Jan. 07, 2023",/members/C001135
John H. Rutherford,Florida (FL) - 5th,Republican,Jacksonville,"Jan. 07, 2023",/members/R000609
"Thomas H. Kean, Jr.",New Jersey (NJ) - 7th,Republican,Westfield,"Jan. 07, 2023",/members/K000398
Brandon Williams,New York (NY) - 22nd,Republican,Syracuse,"Jan. 07, 2023",/members/W000828
C. A. Dutch Ruppersberger,Maryland (MD) - 2nd,Democrat,Cockeysville,"Jan. 07, 2023",/members/R000576
Morgan McGarvey,Kentucky (KY) - 3rd,Democrat,Louisville,"Jan. 07, 2023",/members/M001220
Thomas Massie,Kentucky (KY) - 4th,Republican,Garrison,"Jan. 07, 2023",/members/M001184
Max L. Miller,Ohio (OH) - 7th,Republican,Rocky River,"Jan. 07, 2023",/members/M001222
"Charles J. ""Chuck"" Fleischmann",Tennessee (TN) - 3rd,Republican,Chattanooga,"Jan. 07, 2023",/members/F000459
John P. Sarbanes,Maryland (MD) - 3rd,Democrat,Baltimore,"Jan. 07, 2023",/members/S001168
Brad Finstad,Minnesota (MN) - 1st,Republican,New Ulm,"Jan. 07, 2023",/members/F000475
Seth Magaziner,Rhode Island (RI) - 2nd,Democrat,Cranston,"Jan. 07, 2023",/members/M001223
Tracey Mann,Kansas (KS) - 1st,Republican,Salina,"Jan. 07, 2023",/members/M000871
David Rouzer,North Carolina (NC) - 7th,Republican,Wilmington,"Jan. 07, 2023",/members/R000603
Jill N. Tokuda,Hawaii (HI) - 2nd,Democrat,Kaneohe,"Jan. 07, 2023",/members/T000487
Garret Graves,Louisiana (LA) - 6th,Republican,Baton Rouge,"Jan. 07, 2023",/members/G000577
Mariannette Miller-Meeks,Iowa (IA) - 1st,Republican,Le Claire,"Jan. 07, 2023",/members/M001215
Joyce Beatty,Ohio (OH) - 3rd,Democrat,Columbus,"Jan. 07, 2023",/members/B001281
James P. McGovern,Massachusetts (MA) - 2nd,Democrat,Worcester,"Jan. 07, 2023",/members/M000312
Adam Smith,Washington (WA) - 9th,Democrat,Bellevue,"Jan. 07, 2023",/members/S000510
Debbie Wasserman Schultz,Florida (FL) - 25th,Democrat,Weston,"Jan. 07, 2023",/members/W000797
John Garamendi,California (CA) - 8th,Democrat,Walnut Grove,"Jan. 07, 2023",/members/G000559
Marcus J. Molinaro,New York (NY) - 19th,Republican,Red Hook,"Jan. 07, 2023",/members/M001221
Dan Crenshaw,Texas (TX) - 2nd,Republican,Humble,"Jan. 07, 2023",/members/C001120
Gabe Vasquez,New Mexico (NM) - 2nd,Democrat,Las Cruces,"Jan. 07, 2023",/members/V000136
Greg Casar,Texas (TX) - 35th,Democrat,Austin,"Jan. 07, 2023",/members/C001131
Raja Krishnamoorthi,Illinois (IL) - 8th,Democrat,Schaumburg,"Jan. 07, 2023",/members/K000391
Kweisi Mfume,Maryland (MD) - 7th,Democrat,Baltimore,"Jan. 07, 2023",/members/M000687
Greg Stanton,Arizona (AZ) - 4th,Democrat,Phoenix,"Jan. 07, 2023",/members/S001211
August Pfluger,Texas (TX) - 11th,Republican,San Angelo,"Jan. 07, 2023",/members/P000048
Jared Moskowitz,Florida (FL) - 23rd,Democrat,Parkland,"Jan. 07, 2023",/members/M001217
Rudy Yakym III,Indiana (IN) - 2nd,Republican,Granger,"Jan. 07, 2023",/members/Y000067
Adrian Smith,Nebraska (NE) - 3rd,Republican,Gering,"Jan. 07, 2023",/members/S001172
Alexander X. Mooney,West Virginia (WV) - 2nd,Republican,Charles Town,"Jan. 07, 2023",/members/M001195
Lauren Boebert,Colorado (CO) - 3rd,Republican,Silt,"Jan. 07, 2023",/members/B000825
Ruben Gallego,Arizona (AZ) - 3rd,Democrat,Phoenix,"Jan. 07, 2023",/members/G000574
Maxine Waters,California (CA) - 43rd,Democrat,Los Angeles,"Jan. 07, 2023",/members/W000187
Bennie G. Thompson,Mississippi (MS) - 2nd,Democrat,Bolton,"Jan. 07, 2023",/members/T000193
Jeff Duncan,South Carolina (SC) - 3rd,Republican,Laurens,"Jan. 07, 2023",/members/D000615
Ashley Hinson,Iowa (IA) - 2nd,Republican,Marion,"Jan. 07, 2023",/members/H001091
Ann Wagner,Missouri (MO) - 2nd,Republican,Ballwin,"Jan. 07, 2023",/members/W000812
Bill Johnson,Ohio (OH) - 6th,Republican,Marietta,"Jan. 07, 2023",/members/J000292
Jennifer Kiggans,Virginia (VA) - 2nd,Republican,Virginia Beach,"Jan. 07, 2023",/members/K000399
Kevin McCarthy,California (CA) - 20th,Republican,Bakersfield,"Jan. 07, 2023",/members/M001165
David Schweikert,Arizona (AZ) - 1st,Republican,Fountain Hills,"Jan. 07, 2023",/members/S001183
Daniel Meuser,Pennsylvania (PA) - 9th,Republican,Dallas,"Jan. 07, 2023",/members/M001204
Dan Bishop,North Carolina (NC) - 8th,Republican,Charlotte,"Jan. 07, 2023",/members/B001311
Lisa C. McClain,Michigan (MI) - 9th,Republican,Bruce,"Jan. 07, 2023",/members/M001136
Rick W. Allen,Georgia (GA) - 12th,Republican,Augusta,"Jan. 07, 2023",/members/A000372
James E. Clyburn,South Carolina (SC) - 6th,Democrat,Columbia,"Jan. 07, 2023",/members/C000537
Richard Hudson,North Carolina (NC) - 9th,Republican,Southern Pines,"Jan. 07, 2023",/members/H001067
Troy E. Nehls,Texas (TX) - 22nd,Republican,Richmond,"Jan. 07, 2023",/members/N000026
Robert B. Aderholt,Alabama (AL) - 4th,Republican,Haleyville,"Jan. 07, 2023",/members/A000055
Doris O. Matsui,California (CA) - 7th,Democrat,Sacramento,"Jan. 07, 2023",/members/M001163
Neal P. Dunn,Florida (FL) - 2nd,Republican,Panama City,"Jan. 07, 2023",/members/D000628
Grace Meng,New York (NY) - 6th,Democrat,Queens,"Jan. 07, 2023",/members/M001188
Andy Barr,Kentucky (KY) - 6th,Republican,Lexington,"Jan. 07, 2023",/members/B001282
Donald G. Davis,North Carolina (NC) - 1st,Democrat,Snow Hill,"Jan. 07, 2023",/members/D000230
Julia Brownley,California (CA) - 26th,Democrat,Westlake Village,"Jan. 07, 2023",/members/B001285
Pramila Jayapal,Washington (WA) - 7th,Democrat,Seattle,"Jan. 07, 2023",/members/J000298
Andy Biggs,Arizona (AZ) - 5th,Republican,Gilbert,"Jan. 07, 2023",/members/B001302
Juan Vargas,California (CA) - 52nd,Democrat,San Diego,"Jan. 07, 2023",/members/V000130
Rosa L. DeLauro,Connecticut (CT) - 3rd,Democrat,New Haven,"Jan. 07, 2023",/members/D000216
David P. Joyce,Ohio (OH) - 14th,Republican,South Russell Village,"Jan. 07, 2023",/members/J000295
Jeff Jackson,North Carolina (NC) - 14th,Democrat,Charlotte,"Jan. 07, 2023",/members/J000308
Russ Fulcher,Idaho (ID) - 1st,Republican,Meridian,"Jan. 07, 2023",/members/F000469
Zachary Nunn,Iowa (IA) - 3rd,Republican,Bondurant,"Jan. 07, 2023",/members/N000193
Andrea Salinas,Oregon (OR) - 6th,Democrat,Tigard,"Jan. 07, 2023",/members/S001226
David Kustoff,Tennessee (TN) - 8th,Republican,Germantown,"Jan. 07, 2023",/members/K000392
Sean Casten,Illinois (IL) - 6th,Democrat,Downers Grove,"Jan. 07, 2023",/members/C001117
Diana Harshbarger,Tennessee (TN) - 1st,Republican,Kingsport,"Jan. 07, 2023",/members/H001086
Scott H. Peters,California (CA) - 50th,Democrat,San Diego,"Jan. 07, 2023",/members/P000608
Jake Ellzey,Texas (TX) - 6th,Republican,Midlothian,"Jan. 07, 2023",/members/E000071
Elissa Slotkin,Michigan (MI) - 7th,Democrat,Lansing,"Jan. 07, 2023",/members/S001208
Ro Khanna,California (CA) - 17th,Democrat,Fremont,"Jan. 07, 2023",/members/K000389
Josh Brecheen,Oklahoma (OK) - 2nd,Republican,Coalgate,"Jan. 07, 2023",/members/B001317
Raúl M. Grijalva,Arizona (AZ) - 7th,Democrat,Tucson,"Jan. 07, 2023",/members/G000551
Doug Lamborn,Colorado (CO) - 5th,Republican,Colorado Springs,"Jan. 07, 2023",/members/L000564
Gary J. Palmer,Alabama (AL) - 6th,Republican,Hoover,"Jan. 07, 2023",/members/P000609
Michael R. Turner,Ohio (OH) - 10th,Republican,Dayton,"Jan. 07, 2023",/members/T000463
Nikema Williams,Georgia (GA) - 5th,Democrat,Atlanta,"Jan. 07, 2023",/members/W000788
Jerry L. Carl,Alabama (AL) - 1st,Republican,Mobile,"Jan. 07, 2023",/members/C001054
Bill Foster,Illinois (IL) - 11th,Democrat,Naperville,"Jan. 07, 2023",/members/F000454
Richard E. Neal,Massachusetts (MA) - 1st,Democrat,Springfield,"Jan. 07, 2023",/members/N000015
Lois Frankel,Florida (FL) - 22nd,Democrat,West Palm Beach,"Jan. 07, 2023",/members/F000462
David Scott,Georgia (GA) - 13th,Democrat,Atlanta,"Jan. 07, 2023",/members/S001157
Mark E. Green,Tennessee (TN) - 7th,Republican,Clarksville,"Jan. 07, 2023",/members/G000590
Ami Bera,California (CA) - 6th,Democrat,Elk Grove,"Jan. 07, 2023",/members/B001287
Ron Estes,Kansas (KS) - 4th,Republican,Wichita,"Jan. 07, 2023",/members/E000298
Steve Scalise,Louisiana (LA) - 1st,Republican,Jefferson,"Jan. 07, 2023",/members/S001176
John James,Michigan (MI) - 10th,Republican,Farmington Hills,"Jan. 07, 2023",/members/J000307
Shri Thanedar,Michigan (MI) - 13th,Democrat,Detroit,"Jan. 07, 2023",/members/T000488
Chellie Pingree,Maine (ME) - 1st,Democrat,North Haven,"Jan. 07, 2023",/members/P000597
Jamaal Bowman,New York (NY) - 16th,Democrat,Yonkers,"Jan. 07, 2023",/members/B001223
Chip Roy,Texas (TX) - 21st,Republican,Austin,"Jan. 07, 2023",/members/R000614
Chrissy Houlahan,Pennsylvania (PA) - 6th,Democrat,Devon,"Jan. 07, 2023",/members/H001085
